payment_id,order_id,amount,payment_date
1,195,495.2030959945702,2023-12-25
2,538,569.5398145299407,2023-08-28
3,623,225.09550512935664,2023-11-27
4,278,87.99981098643563,2023-12-16
5,24,100.15628018718174,2023-10-28
6,526,986.2445336446142,2024-02-11
7,26,929.6677823182446,2023-12-06
8,643,836.7453810009775,2023-05-18
9,546,302.9917227370236,2023-12-24
10,449,265.94777881982134,2023-08-14
11,608,822.5850753808251,2024-03-03
12,287,653.8103190554784,2023-12-10
13,545,449.05478285351296,2024-05-05
14,603,299.31753042520535,2023-07-27
15,126,379.59150058019395,2023-10-10
16,302,880.2280192089296,2024-03-19
17,116,282.1802474763326,2024-04-01
18,440,682.6478563303763,2024-05-03
19,490,59.6122269370513,2023-06-05
20,121,423.29225839413414,2023-08-29
21,542,394.4772902888779,2023-11-11
22,522,164.62966825057381,2024-01-30
23,506,448.89818801356904,2023-08-21
24,264,415.6148440418355,2023-09-22
25,158,958.8549928622413,2023-12-27
26,15,574.5611727049097,2023-12-11
27,317,16.339085421233307,2023-11-18
28,605,473.17392436825156,2023-12-11
29,439,67.38050906086855,2023-12-18
30,549,862.7873160722011,2024-01-26
31,268,181.05792579805018,2023-09-17
32,688,966.5635939531367,2024-04-15
33,682,348.7870756024144,2023-08-06
34,58,861.0147406233328,2024-04-01
35,579,944.6477796826415,2023-11-23
36,445,784.4350058454208,2023-06-04
37,85,154.89316699179142,2023-11-13
38,265,321.3393971853963,2023-08-10
39,40,659.483058768543,2023-11-03
40,521,309.03185004966593,2023-06-23
41,444,272.69724462824183,2023-05-30
42,202,183.22822409536593,2024-04-03
43,366,756.5796908170706,2023-06-16
44,647,961.9645862190246,2023-09-30
45,360,408.4443176214793,2023-12-26
46,49,381.18533448240134,2023-09-03
47,210,777.7110566316658,2023-11-15
48,78,115.1424606282702,2024-02-14
49,331,397.52612445647617,2023-10-23
50,138,510.0663551380598,2023-06-04
51,89,256.9028093539299,2024-01-21
52,35,758.6094912220398,2024-03-16
53,681,457.28902977226284,2023-05-28
54,125,903.1699564506216,2023-09-25
55,293,621.0251640527473,2024-05-02
56,45,217.98869788992846,2023-12-01
57,334,692.904771799371,2023-06-13
58,498,233.0455740639819,2023-12-04
59,413,904.1947069548764,2023-05-25
60,74,132.43306207290988,2024-01-22
61,579,497.2262167678623,2023-10-27
62,313,323.0449418258518,2023-08-02
63,490,249.4763461679867,2023-06-23
64,261,44.51236892252986,2024-03-07
65,135,714.3754904775693,2023-09-07
66,297,634.609257863933,2023-06-18
67,549,201.64473604743847,2023-05-29
68,37,415.1253155971487,2024-03-04
69,162,551.4209938765626,2024-02-27
70,241,872.6753297388148,2023-09-02
71,453,901.268157442769,2024-04-04
72,371,264.3917982237414,2024-01-22
73,154,245.95298812647243,2023-07-13
74,554,575.9186301723297,2024-01-25
75,351,850.2314033379226,2023-10-12
76,248,369.43799318189025,2023-11-19
77,572,884.9667804700413,2024-01-14
78,497,889.5459164811629,2023-12-02
79,521,612.9669645119546,2023-08-31
80,74,190.39471347826355,2024-03-10
81,483,942.0260405826311,2024-03-06
82,621,426.560781612545,2024-03-22
83,311,691.9958321760118,2024-04-06
84,552,915.6981033775736,2024-03-20
85,301,954.8116599398833,2024-05-10
86,154,738.316476831328,2024-03-23
87,36,737.9743070502592,2023-11-01
88,203,232.5967359189221,2023-05-27
89,111,970.8560918113352,2024-01-17
90,498,744.5557386304102,2023-05-17
91,172,520.4534519611643,2023-07-17
92,624,231.1817933261758,2023-06-27
93,580,57.608266547929325,2023-11-04
94,243,688.1481113315054,2024-03-08
95,605,931.960470819968,2023-12-04
96,620,578.0298337743492,2024-02-17
97,269,115.47777499832935,2023-07-30
98,355,370.1592555797687,2024-04-05
99,137,167.02705758956134,2023-09-15
100,61,595.659071821974,2024-04-26
101,358,765.8389301827815,2023-05-16
102,48,355.5313802761454,2023-10-29
103,562,622.5554945517608,2023-11-04
104,576,738.4743220237514,2023-07-02
105,344,951.3243507714828,2024-04-06
106,12,775.6387778363573,2023-05-26
107,140,739.4411328656331,2023-06-10
108,277,310.37394274736187,2023-11-23
109,145,871.219679046897,2023-10-13
110,699,773.0073095104749,2023-05-23
111,478,939.000023343126,2024-05-01
112,111,50.47511076405487,2024-05-13
113,694,673.8986580121332,2023-05-26
114,447,472.09362291553646,2024-02-05
115,494,604.9056144570364,2024-04-12
116,74,678.3144270253055,2023-12-28
117,153,704.851215570675,2024-03-13
118,179,796.9591830748288,2023-08-28
119,651,321.7758652251488,2023-07-09
120,492,504.58806875389325,2023-06-17
121,490,931.212362172076,2023-07-10
122,254,257.4734003635965,2023-11-30
123,117,172.72184113455017,2024-02-29
124,26,735.0323544198822,2023-09-04
125,181,898.6299230921877,2023-10-22
126,61,323.4116727770263,2023-06-27
127,525,629.9337863581537,2023-05-23
128,195,961.6441849645915,2023-10-01
129,205,676.345319997264,2024-05-01
130,40,195.71921935345554,2023-12-11
131,333,658.3222897488744,2024-02-10
132,239,398.915867186895,2023-12-16
133,476,234.03445522885386,2023-06-30
134,255,703.469320445797,2023-08-26
135,672,270.1336307602786,2024-04-15
136,359,624.747700155522,2023-12-04
137,366,120.70992570223332,2023-10-01
138,245,421.6190907994271,2024-03-05
139,412,171.45172179885574,2024-02-23
140,130,78.43112232385197,2023-06-22
141,4,191.07389077404216,2023-12-28
142,489,338.39141248062583,2023-12-12
143,643,27.192384791216618,2023-10-07
144,147,124.30342672706105,2024-03-07
145,606,310.3829542056673,2023-10-30
146,32,406.6033643934431,2023-05-16
147,344,721.3409346368218,2024-03-24
148,168,665.1057922669177,2023-10-06
149,148,309.8496724946553,2023-11-18
150,171,541.6858620812276,2023-08-24
151,6,59.03298352046051,2024-04-30
152,529,896.7999135376534,2024-03-17
153,25,446.7189678821817,2024-02-11
154,164,134.29049536396508,2023-10-13
155,364,716.8859304985233,2023-07-10
156,23,700.730377770065,2023-07-07
157,103,35.59071002815134,2023-07-23
158,414,440.1306560305547,2024-03-11
159,157,780.5660279319457,2023-08-05
160,217,553.8382317667865,2023-11-29
161,316,686.4749095448964,2024-02-02
162,108,766.5392707107303,2023-05-18
163,48,499.84263430800075,2023-09-17
164,89,97.76999580324477,2024-03-21
165,407,448.80954772504384,2023-07-01
166,467,874.6952310225859,2023-09-10
167,384,453.4975732929257,2024-02-16
168,206,146.80933493883498,2023-09-24
169,242,551.0522402463647,2023-11-16
170,575,70.29027000012512,2023-10-25
171,573,260.3868219005184,2024-01-31
172,188,817.5908239204141,2023-06-23
173,18,403.27067714048064,2023-10-10
174,360,491.8137793330064,2023-09-27
175,36,438.3651476694279,2023-08-21
176,335,836.9832010665615,2023-10-10
177,153,66.66491383352478,2023-07-01
178,407,838.1545023462135,2024-02-24
179,684,505.9705518209262,2024-02-18
180,558,449.7626165287663,2023-09-25
181,35,430.3206278687959,2024-02-16
182,397,981.1557759569906,2024-01-16
183,395,520.4083361214879,2023-08-07
184,175,483.1876132458334,2024-01-12
185,641,747.776200211648,2024-04-27
186,283,423.76390190434614,2023-06-10
187,104,494.0649129606378,2023-05-22
188,50,265.61895598590763,2024-03-28
189,607,137.2576312864927,2023-11-08
190,176,384.7789339570606,2023-08-22
191,468,875.7427513141608,2024-02-26
192,580,866.5868534458907,2023-10-26
193,698,632.2472370020721,2023-06-20
194,223,688.2257378648783,2024-04-08
195,565,856.7490475394612,2023-10-29
196,109,726.9694033428726,2023-06-16
197,567,699.9407839830831,2023-09-18
198,228,453.55159459247363,2024-03-13
199,385,296.31653192467707,2023-07-26
200,113,782.5185991108312,2023-11-29
201,551,678.5648803972731,2024-03-31
202,105,927.2332240106671,2023-10-21
203,502,929.3308340192395,2024-02-05
204,462,943.6018580594198,2024-03-25
205,48,222.59663049862206,2023-07-03
206,526,548.9738407042815,2024-04-08
207,457,550.2351055100027,2023-11-17
208,25,242.67696431372232,2023-08-31
209,689,899.149972834919,2024-03-25
210,677,209.19428742537352,2024-01-31
211,571,830.2609426131692,2023-08-01
212,182,812.0094523583704,2023-09-26
213,128,99.9487981423605,2023-07-24
214,671,119.56636142211418,2023-10-11
215,517,984.2001854959045,2024-02-14
216,251,649.9702034233374,2023-07-06
217,483,289.0192811132155,2023-11-09
218,280,475.08427303892097,2024-03-28
219,223,726.0537760013971,2024-02-21
220,104,707.0720578034275,2023-06-19
221,536,697.01099719568,2023-08-28
222,33,168.71645098171163,2023-12-25
223,652,402.33968741013894,2023-08-07
224,182,972.969567069828,2024-03-12
225,170,468.16835029291315,2023-12-29
226,491,46.883306095502206,2023-11-08
227,243,96.76413857265493,2023-08-22
228,52,154.7400148467429,2023-06-23
229,514,424.2187305609516,2023-06-27
230,309,775.0918787649234,2023-08-21
231,315,449.46735289456313,2023-08-02
232,129,603.9943035019376,2024-02-22
233,349,922.8237986411523,2023-10-10
234,232,325.09721432583854,2023-12-11
235,231,544.3340678733289,2023-05-16
236,202,430.5932647285811,2023-07-04
237,510,101.23888926670267,2023-07-21
238,108,662.0494537674571,2024-03-23
239,55,688.9692722957069,2023-08-13
240,261,558.7670215243566,2024-05-05
241,135,348.50703231707286,2024-01-18
242,345,56.54903288176535,2023-08-12
243,419,644.9363574785935,2023-11-03
244,458,575.1668783163284,2024-04-13
245,186,483.4201407195174,2023-08-08
246,697,890.5084799089449,2024-03-15
247,537,26.00553719190032,2024-02-14
248,206,63.626523360543565,2023-06-10
249,567,650.6163214858827,2024-02-02
250,678,836.6119039804846,2024-03-23
251,180,662.3528864791119,2024-03-26
252,462,17.5106782046468,2023-12-23
253,596,744.4864873277098,2023-09-10
254,18,842.63186262207,2023-09-06
255,380,748.3307983294486,2023-06-29
256,426,634.0095999846586,2024-03-26
257,149,310.20975289003644,2023-12-30
258,284,507.99405521422744,2023-12-06
259,258,920.5264603812508,2023-08-11
260,98,546.9053559481565,2024-01-29
261,30,561.8291001545613,2024-01-19
262,88,419.4903737111106,2024-01-29
263,580,439.98883263564534,2023-05-22
264,471,216.25763910870106,2024-03-30
265,106,710.9616737150693,2023-06-17
266,302,690.2959840577428,2024-02-24
267,98,529.7156574689806,2023-12-07
268,302,834.9473659401148,2023-12-22
269,665,439.4996000776583,2024-04-27
270,76,735.5087397758371,2023-07-08
271,402,553.1277862191016,2023-10-05
272,21,768.2880600982711,2023-10-09
273,161,118.4930521765075,2023-10-07
274,445,196.03180870131533,2023-12-21
275,112,469.7916765987119,2024-02-12
276,451,799.7186777063187,2024-04-30
277,159,478.97136306669535,2024-01-23
278,263,61.00171822734815,2023-07-18
279,333,421.5283306364904,2023-07-03
280,247,439.84591622082166,2023-12-25
281,360,799.1963091538456,2024-03-01
282,94,905.355291650812,2023-10-23
283,318,855.318201201245,2023-07-30
284,354,699.136655547388,2023-06-19
285,563,694.2030099928372,2023-10-22
286,484,115.45926572639844,2023-08-13
287,665,517.8810134110545,2023-11-22
288,603,817.922269566816,2023-08-13
289,678,704.0067474336284,2023-06-10
290,26,688.0413500840991,2024-03-11
291,160,367.74769377396564,2023-07-15
292,56,611.0889713392922,2024-01-23
293,256,685.7387004658212,2023-06-06
294,50,629.5969853976713,2024-05-13
295,153,711.3670566656648,2024-02-15
296,552,359.7411112721383,2023-09-25
297,572,292.22030653085244,2024-03-13
298,468,671.7355726094175,2023-07-29
299,534,304.21290488082855,2024-04-06
300,171,88.25271896317209,2024-02-25
